frame,landmark_index,x,y,z
0.jpg,0,0.6395558714866638,0.3706868886947632,-3.5163785128133895e-07
0.jpg,1,0.6342557072639465,0.43508896231651306,-0.023412810638546944
0.jpg,2,0.6050153374671936,0.47740545868873596,-0.03538937866687775
0.jpg,3,0.5735489726066589,0.4876224398612976,-0.04454421252012253
0.jpg,4,0.5537509322166443,0.4838375449180603,-0.0482085645198822
0.jpg,5,0.5510037541389465,0.4648805260658264,-0.02326306141912937
0.jpg,6,0.5368511080741882,0.4499484896659851,-0.04644664004445076
0.jpg,7,0.5697534084320068,0.44751301407814026,-0.05087892338633537
0.jpg,8,0.5747181177139282,0.45718318223953247,-0.051386114209890366
0.jpg,9,0.5493460893630981,0.4053843021392822,-0.022160567343235016
0.jpg,10,0.5352136492729187,0.3938111960887909,-0.048378054052591324
0.jpg,11,0.5806184411048889,0.39941588044166565,-0.04569101333618164
0.jpg,12,0.5784226655960083,0.40840470790863037,-0.037972282618284225
0.jpg,13,0.5518646240234375,0.3486211597919464,-0.025184351950883865
0.jpg,14,0.5371670722961426,0.336512953042984,-0.05245194584131241
0.jpg,15,0.5797916054725647,0.34696680307388306,-0.03746388107538223
0.jpg,16,0.5837934613227844,0.35444512963294983,-0.02116430178284645
0.jpg,17,0.5580334067344666,0.29482144117355347,-0.030357740819454193
0.jpg,18,0.5432413220405579,0.280612051486969,-0.047674745321273804
0.jpg,19,0.5723999738693237,0.2935221195220947,-0.03846902772784233
0.jpg,20,0.5791857242584229,0.30264830589294434,-0.02734764851629734
19.jpg,0,0.2772436738014221,0.5305672287940979,-5.763992589891132e-07
19.jpg,1,0.2710147500038147,0.6288589239120483,-0.016087250784039497
19.jpg,2,0.23208653926849365,0.7242887020111084,-0.01838674210011959
19.jpg,3,0.19972331821918488,0.785800576210022,-0.021470507606863976
19.jpg,4,0.18571576476097107,0.8445639610290527,-0.02018437162041664
19.jpg,5,0.1656370908021927,0.6766429543495178,0.014053630642592907
19.jpg,6,0.15106254816055298,0.6760036945343018,-0.009575039148330688
19.jpg,7,0.19208493828773499,0.6648527979850769,-0.02425490878522396
19.jpg,8,0.2016046643257141,0.6696643233299255,-0.03203098103404045
19.jpg,9,0.15511737763881683,0.6157050132751465,0.011977825313806534
19.jpg,10,0.13926327228546143,0.6291859745979309,-0.014379088766872883
19.jpg,11,0.1915779709815979,0.6197173595428467,-0.021362513303756714
19.jpg,12,0.2002067267894745,0.6133949756622314,-0.01895766891539097
19.jpg,13,0.15185265243053436,0.5542503595352173,0.0039804307743906975
19.jpg,14,0.129176527261734,0.5687295794487,-0.023664601147174835
19.jpg,15,0.18043231964111328,0.5639854073524475,-0.015217325650155544
19.jpg,16,0.19348996877670288,0.5552520751953125,-0.00156772427726537
19.jpg,17,0.1519593596458435,0.4863816797733307,-0.00574672594666481
19.jpg,18,0.12998369336128235,0.5025327205657959,-0.02128051035106182
19.jpg,19,0.16930298507213593,0.5081409215927124,-0.01192423328757286
19.jpg,20,0.18344023823738098,0.505557656288147,0.0002111274079652503
22.jpg,0,0.6114029884338379,0.4845721125602722,-6.365942226693733e-07
22.jpg,1,0.5735743641853333,0.598336935043335,-0.02519940584897995
22.jpg,2,0.5129833221435547,0.69097501039505,-0.03876771405339241
22.jpg,3,0.45912042260169983,0.7631409168243408,-0.053570106625556946
22.jpg,4,0.42795291543006897,0.8303977847099304,-0.0616973452270031
22.jpg,5,0.4459872543811798,0.6053357124328613,-0.005311142187565565
22.jpg,6,0.40173062682151794,0.6279974579811096,-0.03552733734250069
22.jpg,7,0.45879119634628296,0.6137892007827759,-0.04644012451171875
22.jpg,8,0.4788517653942108,0.5999281406402588,-0.04964051395654678
22.jpg,9,0.4445638954639435,0.526458203792572,-0.00570549163967371
22.jpg,10,0.40220406651496887,0.5434219241142273,-0.04064178466796875
22.jpg,11,0.4686214029788971,0.5437154173851013,-0.04405141621828079
22.jpg,12,0.47977331280708313,0.5373637676239014,-0.038684140890836716
22.jpg,13,0.45084071159362793,0.44845086336135864,-0.012178866192698479
22.jpg,14,0.4081888198852539,0.4582620859146118,-0.04602561146020889
22.jpg,15,0.46839186549186707,0.4736054241657257,-0.031386613845825195
22.jpg,16,0.48257315158843994,0.4727366268634796,-0.013092385604977608
22.jpg,17,0.46209031343460083,0.37351346015930176,-0.02112623304128647
22.jpg,18,0.42170339822769165,0.37533992528915405,-0.035090647637844086
22.jpg,19,0.46189144253730774,0.4032084345817566,-0.019827859476208687
22.jpg,20,0.4791831374168396,0.4103155732154846,-0.0044010719284415245
23.jpg,0,0.6374667286872864,0.491187185049057,-5.642710334541334e-07
23.jpg,1,0.5978041887283325,0.6026593446731567,-0.02760539948940277
23.jpg,2,0.530165433883667,0.6958961486816406,-0.04179135337471962
23.jpg,3,0.47125309705734253,0.7650775909423828,-0.05744519457221031
23.jpg,4,0.4393792152404785,0.8343274593353271,-0.06621650606393814
23.jpg,5,0.46034175157546997,0.5991062521934509,0.0022976119071245193
23.jpg,6,0.4196185767650604,0.6242678165435791,-0.028921985998749733
23.jpg,7,0.47144824266433716,0.6146234273910522,-0.04156193509697914
23.jpg,8,0.4934350252151489,0.5995803475379944,-0.045467808842659
23.jpg,9,0.4609066843986511,0.523601233959198,0.0016603311523795128
23.jpg,10,0.4238567352294922,0.5469745397567749,-0.03401736542582512
23.jpg,11,0.490359365940094,0.5496537685394287,-0.037374600768089294
23.jpg,12,0.500098705291748,0.5381307601928711,-0.030200481414794922
23.jpg,13,0.4690195620059967,0.4464150667190552,-0.0066094412468373775
23.jpg,14,0.4316755533218384,0.4617830514907837,-0.04240645840764046
23.jpg,15,0.4911351501941681,0.47695600986480713,-0.027996035292744637
23.jpg,16,0.5037117004394531,0.47088703513145447,-0.00825332012027502
23.jpg,17,0.4834584891796112,0.37051865458488464,-0.017937058582901955
23.jpg,18,0.4466932415962219,0.3756105601787567,-0.03423060104250908
23.jpg,19,0.485587477684021,0.40378597378730774,-0.019952896982431412
23.jpg,20,0.5006449818611145,0.40815281867980957,-0.003907347563654184
24.jpg,0,0.6953749656677246,0.5003998279571533,-8.706161906957277e-07
24.jpg,1,0.6543850898742676,0.6154501438140869,-0.029950780794024467
24.jpg,2,0.5831002593040466,0.7074105143547058,-0.04363962262868881
24.jpg,3,0.5248862504959106,0.7720036506652832,-0.05858445167541504
24.jpg,4,0.4885023832321167,0.8356075882911682,-0.0670786201953888
24.jpg,5,0.5100065469741821,0.6064953207969666,-0.003188730450347066
24.jpg,6,0.4743049740791321,0.6309755444526672,-0.04055469483137131
24.jpg,7,0.5353372097015381,0.6212847828865051,-0.05641678720712662
24.jpg,8,0.5522980690002441,0.604371964931488,-0.062270522117614746
24.jpg,9,0.5122328400611877,0.519865870475769,-0.004469054751098156
24.jpg,10,0.4787534177303314,0.5507360696792603,-0.04815107211470604
24.jpg,11,0.5533294081687927,0.5596356391906738,-0.05332879349589348
24.jpg,12,0.560880720615387,0.5452073216438293,-0.04662487283349037
24.jpg,13,0.5235252380371094,0.4368288516998291,-0.013722830452024937
24.jpg,14,0.4925830662250519,0.46254873275756836,-0.060013528913259506
24.jpg,15,0.5605340003967285,0.48618626594543457,-0.04554605484008789
24.jpg,16,0.5686549544334412,0.47550398111343384,-0.023622455075383186
24.jpg,17,0.5391457676887512,0.3560091257095337,-0.025576332584023476
24.jpg,18,0.5022239089012146,0.37146252393722534,-0.046637438237667084
24.jpg,19,0.550235390663147,0.4081004858016968,-0.029940636828541756
24.jpg,20,0.5664765238761902,0.40958380699157715,-0.01154791098088026
25.jpg,0,0.7050753831863403,0.5016823410987854,-7.693639076933323e-07
25.jpg,1,0.6680205464363098,0.6174973249435425,-0.03475897014141083
25.jpg,2,0.594397246837616,0.7129402756690979,-0.04965074732899666
25.jpg,3,0.5324544906616211,0.7836298942565918,-0.06468845158815384
25.jpg,4,0.49356698989868164,0.8531118631362915,-0.07212530821561813
25.jpg,5,0.5172804594039917,0.617847740650177,-0.0033570940140634775
25.jpg,6,0.4831291735172272,0.64337158203125,-0.041446078568696976
25.jpg,7,0.5454498529434204,0.6290557384490967,-0.05634799599647522
25.jpg,8,0.5623353123664856,0.6090651154518127,-0.06156404688954353
25.jpg,9,0.5175644755363464,0.533494234085083,-0.0028340211138129234
25.jpg,10,0.48560836911201477,0.5628644824028015,-0.04803919419646263
25.jpg,11,0.5627366304397583,0.5672743916511536,-0.052396275103092194
25.jpg,12,0.5677489638328552,0.5520856380462646,-0.044381093233823776
25.jpg,13,0.5294396281242371,0.45150598883628845,-0.011254096403717995
25.jpg,14,0.5018748641014099,0.4735482633113861,-0.05851258337497711
25.jpg,15,0.5710780024528503,0.4943012297153473,-0.042697805911302567
25.jpg,16,0.5749417543411255,0.4847085177898407,-0.019741101190447807
25.jpg,17,0.5459986329078674,0.3707978129386902,-0.022929204627871513
25.jpg,18,0.5174030065536499,0.3844524621963501,-0.04575890302658081
25.jpg,19,0.5645112991333008,0.4159524440765381,-0.03074410930275917
25.jpg,20,0.5741777420043945,0.4152432084083557,-0.013390997424721718
26.jpg,0,0.7611372470855713,0.503242015838623,-7.940313366816554e-07
26.jpg,1,0.7233189344406128,0.6233155727386475,-0.03847581520676613
26.jpg,2,0.6454355716705322,0.7176125645637512,-0.0559096597135067
26.jpg,3,0.5820306539535522,0.7832329869270325,-0.07244095206260681
26.jpg,4,0.5405759811401367,0.8482100963592529,-0.07960668951272964
26.jpg,5,0.5657767653465271,0.6045095324516296,-0.014352003112435341
26.jpg,6,0.5280832052230835,0.6425008177757263,-0.05668867379426956
26.jpg,7,0.5927637219429016,0.6262089014053345,-0.06979720294475555
26.jpg,8,0.6154364943504333,0.6047240495681763,-0.07213028520345688
26.jpg,9,0.568272054195404,0.5187681913375854,-0.011828294023871422
26.jpg,10,0.5471210479736328,0.5576277375221252,-0.06089029088616371
26.jpg,11,0.6254278421401978,0.5625426173210144,-0.06249827519059181
26.jpg,12,0.6254332065582275,0.5449711084365845,-0.051982901990413666
26.jpg,13,0.580585241317749,0.4372025728225708,-0.018587620928883553
26.jpg,14,0.5672155022621155,0.466844767332077,-0.06660836935043335
26.jpg,15,0.6345828771591187,0.48975998163223267,-0.04819727689027786
26.jpg,16,0.630567193031311,0.4762907028198242,-0.02407398261129856
26.jpg,17,0.5962077379226685,0.3597407341003418,-0.02927575260400772
26.jpg,18,0.5814953446388245,0.3786223232746124,-0.051499828696250916
26.jpg,19,0.6280770301818848,0.41180047392845154,-0.036119986325502396
26.jpg,20,0.6312004327774048,0.4060472846031189,-0.018692266196012497
28.jpg,0,0.7810782194137573,0.500732421875,-7.472996799151588e-07
28.jpg,1,0.7412713170051575,0.6089348196983337,-0.03603499010205269
28.jpg,2,0.6709557771682739,0.6897382140159607,-0.05248124152421951
28.jpg,3,0.6110876202583313,0.7497972249984741,-0.06767973303794861
28.jpg,4,0.5719589591026306,0.8081811666488647,-0.07489261776208878
28.jpg,5,0.5963243842124939,0.5687037110328674,-0.009052444249391556
28.jpg,6,0.5763625502586365,0.6049927473068237,-0.0434829518198967
28.jpg,7,0.6348950862884521,0.5903156995773315,-0.05604710057377815
28.jpg,8,0.6468855738639832,0.5701480507850647,-0.060396429151296616
28.jpg,9,0.5986977219581604,0.4905412197113037,-0.006151722278445959
28.jpg,10,0.5874556303024292,0.5309736132621765,-0.04620048776268959
28.jpg,11,0.6551040410995483,0.5399354100227356,-0.049493733793497086
28.jpg,12,0.6517398357391357,0.5232893824577332,-0.042900651693344116
28.jpg,13,0.6133317947387695,0.41625839471817017,-0.011354859918355942
28.jpg,14,0.6022502779960632,0.44635623693466187,-0.05361427366733551
28.jpg,15,0.6615093350410461,0.471444308757782,-0.038758739829063416
28.jpg,16,0.6586838960647583,0.4577774405479431,-0.018365714699029922
28.jpg,17,0.6325680613517761,0.34834009408950806,-0.020021414384245872
28.jpg,18,0.6143914461135864,0.3632306456565857,-0.039634041488170624
28.jpg,19,0.6563650965690613,0.40043383836746216,-0.02509671077132225
28.jpg,20,0.6629496216773987,0.39777499437332153,-0.008787362836301327
29.jpg,0,0.8313120007514954,0.49642834067344666,-8.06439345524268e-07
29.jpg,1,0.7935431599617004,0.6003221273422241,-0.040793243795633316
29.jpg,2,0.7193012833595276,0.6875173449516296,-0.05916650965809822
29.jpg,3,0.6566155552864075,0.7548816204071045,-0.07475078850984573
29.jpg,4,0.612062931060791,0.819594144821167,-0.08193232119083405
29.jpg,5,0.6191264390945435,0.5685956478118896,-0.011454524472355843
29.jpg,6,0.626623809337616,0.6085116863250732,-0.048774272203445435
29.jpg,7,0.6879500150680542,0.5984955430030823,-0.06784868985414505
29.jpg,8,0.697991132736206,0.5737173557281494,-0.07831994444131851
29.jpg,9,0.6170644164085388,0.48290547728538513,-0.008675199002027512
29.jpg,10,0.6428353786468506,0.5286948680877686,-0.05066736787557602
29.jpg,11,0.7076814770698547,0.5381281971931458,-0.06088539958000183
29.jpg,12,0.704596996307373,0.5191584229469299,-0.060250818729400635
29.jpg,13,0.6370506882667542,0.4053880572319031,-0.014180113561451435
29.jpg,14,0.6660334467887878,0.4427226781845093,-0.05726989731192589
29.jpg,15,0.719053328037262,0.46950504183769226,-0.04902339354157448
29.jpg,16,0.7094670534133911,0.4580501317977905,-0.03474592790007591
29.jpg,17,0.6639084815979004,0.3328516483306885,-0.02392512559890747
29.jpg,18,0.6839172840118408,0.36008816957473755,-0.04716913029551506
29.jpg,19,0.7212884426116943,0.3956407308578491,-0.040070775896310806
29.jpg,20,0.7173947691917419,0.39411625266075134,-0.029403960332274437
30.jpg,0,0.8568048477172852,0.4953277111053467,-7.003581572462281e-07
30.jpg,1,0.8227053284645081,0.6107747554779053,-0.04384172707796097
30.jpg,2,0.7452446818351746,0.6935713887214661,-0.061577923595905304
30.jpg,3,0.6834960579872131,0.7520151138305664,-0.07422991842031479
30.jpg,4,0.6386397480964661,0.8162180781364441,-0.07852938026189804
30.jpg,5,0.6387907266616821,0.5775471329689026,-0.015414798632264137
30.jpg,6,0.6690950393676758,0.6070078611373901,-0.04701582342386246
30.jpg,7,0.7252488136291504,0.595947802066803,-0.06608329713344574
30.jpg,8,0.7268053293228149,0.5762922763824463,-0.07916267216205597
30.jpg,9,0.635913610458374,0.486825168132782,-0.010686052031815052
30.jpg,10,0.6854250431060791,0.5281266570091248,-0.043682459741830826
30.jpg,11,0.742054283618927,0.5387774109840393,-0.05401623994112015
30.jpg,12,0.7326825857162476,0.5284653306007385,-0.05691182613372803
30.jpg,13,0.6588043570518494,0.4047320485115051,-0.01354754064232111
30.jpg,14,0.7050224542617798,0.44139203429222107,-0.04975654557347298
30.jpg,15,0.7519199252128601,0.4648946523666382,-0.04376568645238876
30.jpg,16,0.7389669418334961,0.4594797194004059,-0.0343397818505764
30.jpg,17,0.6903812289237976,0.33105385303497314,-0.021084923297166824
30.jpg,18,0.7225122451782227,0.35855966806411743,-0.0444316603243351
30.jpg,19,0.7563360333442688,0.39217469096183777,-0.040229424834251404
30.jpg,20,0.7491618394851685,0.39574939012527466,-0.032619647681713104
31.jpg,0,0.8858509063720703,0.5091234445571899,-7.327967637138499e-07
31.jpg,1,0.8489681482315063,0.6148726344108582,-0.04435604810714722
31.jpg,2,0.7710383534431458,0.6948473453521729,-0.06233333796262741
31.jpg,3,0.7083801031112671,0.7564617395401001,-0.07555343210697174
31.jpg,4,0.6616106033325195,0.818947434425354,-0.08064966648817062
31.jpg,5,0.6689635515213013,0.584670901298523,-0.014650512486696243
31.jpg,6,0.697617769241333,0.6093019843101501,-0.05053640529513359
31.jpg,7,0.7538496255874634,0.6022919416427612,-0.07215294986963272
31.jpg,8,0.7556155920028687,0.5841127038002014,-0.0863957405090332
31.jpg,9,0.6661900281906128,0.48927053809165955,-0.010623236186802387
31.jpg,10,0.7148697376251221,0.5267189145088196,-0.04938800260424614
31.jpg,11,0.7734515070915222,0.5422253012657166,-0.061604082584381104
31.jpg,12,0.7655222415924072,0.5312172770500183,-0.06452496349811554
31.jpg,13,0.6881447434425354,0.40454626083374023,-0.01484591793268919
31.jpg,14,0.7358306646347046,0.43897825479507446,-0.05618992820382118
31.jpg,15,0.7841373682022095,0.47137150168418884,-0.05029599741101265
31.jpg,16,0.7715408205986023,0.4692528247833252,-0.03973274305462837
31.jpg,17,0.7183394432067871,0.33053016662597656,-0.02375090681016445
31.jpg,18,0.7529265284538269,0.35754144191741943,-0.05070320516824722
31.jpg,19,0.7883450388908386,0.39721500873565674,-0.047301385551691055
31.jpg,20,0.7810665369033813,0.4048313796520233,-0.0396026149392128
32.jpg,0,0.900539219379425,0.5121639966964722,-8.650087011119467e-07
32.jpg,1,0.862737774848938,0.6171935796737671,-0.04580690339207649
32.jpg,2,0.7869896292686462,0.697519838809967,-0.06750939786434174
32.jpg,3,0.7251697778701782,0.7559197545051575,-0.0842350646853447
32.jpg,4,0.6768814325332642,0.8207617998123169,-0.09285182505846024
32.jpg,5,0.6857708692550659,0.5810279846191406,-0.028746433556079865
32.jpg,6,0.7200161218643188,0.6025500893592834,-0.06803683936595917
32.jpg,7,0.7758552432060242,0.6019421219825745,-0.08895599842071533
32.jpg,8,0.7805092930793762,0.5899184346199036,-0.1019255593419075
32.jpg,9,0.6842506527900696,0.48249948024749756,-0.02576819434762001
32.jpg,10,0.737718939781189,0.5192859172821045,-0.06656593084335327
32.jpg,11,0.7910884618759155,0.5429652333259583,-0.07876814901828766
32.jpg,12,0.783356249332428,0.5376094579696655,-0.08236223459243774
32.jpg,13,0.7070204615592957,0.3962823450565338,-0.030196724459528923
32.jpg,14,0.7619546055793762,0.4329487681388855,-0.07265161722898483
32.jpg,15,0.8057057857513428,0.4666120707988739,-0.06797286123037338
32.jpg,16,0.7913073301315308,0.46365299820899963,-0.05919903889298439
32.jpg,17,0.7384723424911499,0.32140877842903137,-0.03935880959033966
32.jpg,18,0.7836186289787292,0.3527899384498596,-0.06641003489494324
32.jpg,19,0.815801739692688,0.38883697986602783,-0.0640295222401619
32.jpg,20,0.8054730892181396,0.39197924733161926,-0.05797916650772095
33.jpg,0,0.9171633720397949,0.4538283944129944,-9.612491567168036e-07
33.jpg,1,0.8787915110588074,0.556189239025116,-0.04386594519019127
33.jpg,2,0.8038997054100037,0.6337141990661621,-0.065840944647789
33.jpg,3,0.7418729662895203,0.6881604194641113,-0.08304036408662796
33.jpg,4,0.6951385736465454,0.7547634840011597,-0.09272664040327072
33.jpg,5,0.7036279439926147,0.5161838531494141,-0.031732186675071716
33.jpg,6,0.7394505143165588,0.5185209512710571,-0.07190694659948349
33.jpg,7,0.7893644571304321,0.5303305387496948,-0.09327816218137741
33.jpg,8,0.7909140586853027,0.5280985236167908,-0.10653027892112732
33.jpg,9,0.7029275894165039,0.4149436950683594,-0.02978016622364521
33.jpg,10,0.7609067559242249,0.43245944380760193,-0.07185138016939163
33.jpg,11,0.8133292198181152,0.4696938693523407,-0.08317586034536362
33.jpg,12,0.8062252998352051,0.4747464954853058,-0.086061991751194
33.jpg,13,0.7254785299301147,0.3272210955619812,-0.034866463392972946
33.jpg,14,0.7884613275527954,0.3483502268791199,-0.07817453145980835
33.jpg,15,0.8313913345336914,0.3983137011528015,-0.07336659729480743
33.jpg,16,0.817622721195221,0.40955108404159546,-0.06439035385847092
33.jpg,17,0.7575159072875977,0.2520291209220886,-0.044598329812288284
33.jpg,18,0.8062052130699158,0.2713141441345215,-0.07313727587461472
33.jpg,19,0.8389405012130737,0.32183048129081726,-0.07139527797698975
33.jpg,20,0.8309250473976135,0.3413946330547333,-0.06548716872930527
34.jpg,0,0.8767451643943787,0.33248499035835266,-6.423424565582536e-07
34.jpg,1,0.8401872515678406,0.4274653494358063,-0.05019969493150711
34.jpg,2,0.7697333097457886,0.5003306865692139,-0.07559141516685486
34.jpg,3,0.7083345055580139,0.5582396984100342,-0.09413183480501175
34.jpg,4,0.6617034673690796,0.6251785755157471,-0.10344644635915756
34.jpg,5,0.6756541132926941,0.3879404366016388,-0.041119568049907684
34.jpg,6,0.7103164792060852,0.3676319718360901,-0.06935421377420425
34.jpg,7,0.752995491027832,0.3797326385974884,-0.07413241267204285
34.jpg,8,0.7470865249633789,0.39042752981185913,-0.07669771462678909
34.jpg,9,0.678877592086792,0.2930397689342499,-0.03248156979680061
34.jpg,10,0.7299073338508606,0.28001657128334045,-0.06716063618659973
34.jpg,11,0.7844522595405579,0.32399389147758484,-0.06871984899044037
34.jpg,12,0.7674930095672607,0.33959272503852844,-0.06498778611421585
34.jpg,13,0.7027105689048767,0.20806731283664703,-0.029773462563753128
34.jpg,14,0.7450357675552368,0.19355644285678864,-0.07244663685560226
34.jpg,15,0.7881068587303162,0.24811530113220215,-0.06336285173892975
34.jpg,16,0.7774544954299927,0.2765197157859802,-0.049978166818618774
34.jpg,17,0.7360067367553711,0.13997989892959595,-0.0309892650693655
34.jpg,18,0.7524000406265259,0.1161823570728302,-0.06529146432876587
34.jpg,19,0.7707565426826477,0.15266737341880798,-0.06477465480566025
34.jpg,20,0.757936418056488,0.17725278437137604,-0.05741054564714432
43.jpg,0,0.3820018470287323,0.3393568992614746,-2.4063973569354857e-07
43.jpg,1,0.389931857585907,0.39846208691596985,-0.018573297187685966
43.jpg,2,0.42241156101226807,0.44976139068603516,-0.022811342030763626
43.jpg,3,0.4570056200027466,0.45684877038002014,-0.02451472543179989
43.jpg,4,0.4806588292121887,0.43572795391082764,-0.02258937433362007
43.jpg,5,0.46300846338272095,0.4188615381717682,-0.010186987929046154
43.jpg,6,0.4872036576271057,0.404691219329834,-0.02967880293726921
43.jpg,7,0.4588153660297394,0.401858925819397,-0.03765878081321716
43.jpg,8,0.445326566696167,0.407813161611557,-0.03908945620059967
43.jpg,9,0.4630233943462372,0.37213221192359924,-0.005920649040490389
43.jpg,10,0.4875398576259613,0.3562083840370178,-0.025510016828775406
43.jpg,11,0.4519574046134949,0.36056289076805115,-0.026258178055286407
43.jpg,12,0.4384714961051941,0.37014535069465637,-0.020877037197351456
43.jpg,13,0.46033674478530884,0.32888028025627136,-0.0054152230732142925
43.jpg,14,0.4857357144355774,0.3127913177013397,-0.02640284039080143
43.jpg,15,0.4498136341571808,0.32005101442337036,-0.018790964037179947
43.jpg,16,0.4329717755317688,0.33093708753585815,-0.00708555243909359
43.jpg,17,0.45420825481414795,0.28736963868141174,-0.006312728393822908
43.jpg,18,0.4731371998786926,0.2749553322792053,-0.021046914160251617
43.jpg,19,0.44827187061309814,0.28316301107406616,-0.016026826575398445
43.jpg,20,0.4342157244682312,0.2938964366912842,-0.007098696660250425
44.jpg,0,0.38126111030578613,0.3456665575504303,-2.433323516015662e-07
44.jpg,1,0.3939015865325928,0.4085482358932495,-0.019166814163327217
44.jpg,2,0.42339351773262024,0.46167808771133423,-0.022655799984931946
44.jpg,3,0.45319002866744995,0.471787691116333,-0.02268645539879799
44.jpg,4,0.4733802378177643,0.4643467962741852,-0.01764131337404251
44.jpg,5,0.4700435698032379,0.4323674440383911,-0.008148487657308578
44.jpg,6,0.4912382960319519,0.41169974207878113,-0.025485370308160782
44.jpg,7,0.4616711139678955,0.4130898416042328,-0.03360195830464363
44.jpg,8,0.4537864029407501,0.42354464530944824,-0.03641734644770622
44.jpg,9,0.46966755390167236,0.3860877454280853,-0.0023186441976577044
44.jpg,10,0.49237197637557983,0.3671022951602936,-0.019566429778933525
44.jpg,11,0.4549868404865265,0.3730121850967407,-0.02048693597316742
44.jpg,12,0.44608160853385925,0.38242101669311523,-0.016574807465076447
44.jpg,13,0.46595779061317444,0.34157440066337585,-5.1364710088819265e-05
44.jpg,14,0.4901205599308014,0.32407212257385254,-0.017135092988610268
44.jpg,15,0.4545973837375641,0.3312118351459503,-0.007771334610879421
44.jpg,16,0.4415910243988037,0.34472694993019104,0.0035553735215216875
44.jpg,17,0.45795780420303345,0.30127230286598206,0.00046464591287076473
44.jpg,18,0.47721195220947266,0.28615593910217285,-0.009396860376000404
44.jpg,19,0.4541094899177551,0.29638248682022095,-0.0020308606326580048
44.jpg,20,0.44301024079322815,0.30965232849121094,0.007297442760318518
45.jpg,0,0.4819455146789551,0.3450232148170471,-1.9846373788823257e-07
45.jpg,1,0.4891648292541504,0.40512412786483765,-0.015396051108837128
45.jpg,2,0.5153083801269531,0.46295568346977234,-0.019041666761040688
45.jpg,3,0.5431810617446899,0.47182488441467285,-0.021279728040099144
45.jpg,4,0.5606323480606079,0.45078518986701965,-0.02134278230369091
45.jpg,5,0.5528931021690369,0.4329194724559784,-0.006573496386408806
45.jpg,6,0.5791064500808716,0.4304603040218353,-0.025522319599986076
45.jpg,7,0.5554161071777344,0.4198424518108368,-0.03538743034005165
45.jpg,8,0.5349197387695312,0.41844451427459717,-0.03779807686805725
45.jpg,9,0.5548025369644165,0.38742414116859436,-0.0037262847181409597
45.jpg,10,0.5824175477027893,0.3816779851913452,-0.024184715002775192
45.jpg,11,0.5510104298591614,0.37686794996261597,-0.02914508432149887
45.jpg,12,0.5298634171485901,0.380388468503952,-0.02619827352464199
45.jpg,13,0.5532006621360779,0.34592851996421814,-0.004018294159322977
45.jpg,14,0.5797939896583557,0.3360447287559509,-0.02492704428732395
45.jpg,15,0.5480458736419678,0.3361736536026001,-0.021464018151164055
45.jpg,16,0.527271568775177,0.342974454164505,-0.012133989483118057
45.jpg,17,0.5472452044487,0.30648213624954224,-0.0052918605506420135
45.jpg,18,0.5686078071594238,0.29827311635017395,-0.019608788192272186
45.jpg,19,0.5466716289520264,0.30265676975250244,-0.015967153012752533
45.jpg,20,0.530611515045166,0.3109976351261139,-0.008143078535795212
46.jpg,0,0.6020423769950867,0.38892874121665955,-1.3362206630063156e-07
46.jpg,1,0.5911939144134521,0.4458354711532593,-0.030306195840239525
46.jpg,2,0.5939847230911255,0.5001173615455627,-0.048254240304231644
46.jpg,3,0.6022099852561951,0.5489621758460999,-0.062441591173410416
46.jpg,4,0.6106791496276855,0.5908660888671875,-0.07505939900875092
46.jpg,5,0.6357024312019348,0.45298391580581665,-0.03377729654312134
46.jpg,6,0.6401366591453552,0.444148987531662,-0.05784119665622711
46.jpg,7,0.6149325966835022,0.4356066584587097,-0.07141398638486862
46.jpg,8,0.5964469313621521,0.43446850776672363,-0.07773817330598831
46.jpg,9,0.6390364170074463,0.4056089520454407,-0.026966771110892296
46.jpg,10,0.6433070302009583,0.3944113552570343,-0.052520204335451126
46.jpg,11,0.6122448444366455,0.39001667499542236,-0.0590469054877758
46.jpg,12,0.5927543044090271,0.3940608501434326,-0.059251196682453156
46.jpg,13,0.6376742124557495,0.3673419952392578,-0.023509252816438675
46.jpg,14,0.6387170553207397,0.35252925753593445,-0.04765869304537773
46.jpg,15,0.6107484698295593,0.3481518030166626,-0.04568233713507652
46.jpg,16,0.5946511626243591,0.3557564318180084,-0.03900982812047005
46.jpg,17,0.6324095726013184,0.34101295471191406,-0.022262100130319595
46.jpg,18,0.6317605972290039,0.3236369490623474,-0.0365605428814888
46.jpg,19,0.6099923253059387,0.3200475573539734,-0.03353329002857208
46.jpg,20,0.5965071320533752,0.3274773061275482,-0.028158100321888924
47.jpg,0,0.6535522937774658,0.3550574481487274,-1.2603919685716392e-07
47.jpg,1,0.6515067219734192,0.3969506025314331,-0.01968451589345932
47.jpg,2,0.6577516198158264,0.4403908848762512,-0.03256044164299965
47.jpg,3,0.658661425113678,0.45754146575927734,-0.04401056468486786
47.jpg,4,0.6593788266181946,0.45184656977653503,-0.05512528866529465
47.jpg,5,0.694736659526825,0.427200049161911,-0.026628870517015457
47.jpg,6,0.6959493160247803,0.41644710302352905,-0.048030924052000046
47.jpg,7,0.6717036962509155,0.40837156772613525,-0.060262974351644516
47.jpg,8,0.6559507846832275,0.4082603454589844,-0.06617582589387894
47.jpg,9,0.6967971920967102,0.37607020139694214,-0.025807715952396393
47.jpg,10,0.7051807045936584,0.37056201696395874,-0.0480012483894825
47.jpg,11,0.6736201643943787,0.3666337728500366,-0.05262788012623787
47.jpg,12,0.6534192562103271,0.36798423528671265,-0.05211031064391136
47.jpg,13,0.6934429407119751,0.3323388695716858,-0.027406474575400352
47.jpg,14,0.7019392251968384,0.3250311315059662,-0.04890984296798706
47.jpg,15,0.6706734895706177,0.32512369751930237,-0.045538660138845444
47.jpg,16,0.6517707705497742,0.3304799795150757,-0.0385100394487381
47.jpg,17,0.685197114944458,0.2956783175468445,-0.030383724719285965
47.jpg,18,0.69088214635849,0.2859061360359192,-0.04437742009758949
47.jpg,19,0.6691518425941467,0.29077252745628357,-0.0406804084777832
47.jpg,20,0.6554683446884155,0.2999912202358246,-0.03511474281549454
48.jpg,0,0.6761964559555054,0.3477250635623932,-1.30132875142408e-07
48.jpg,1,0.6722838878631592,0.3928360044956207,-0.021383166313171387
48.jpg,2,0.677094042301178,0.4361802339553833,-0.035947225987911224
48.jpg,3,0.6803222298622131,0.4647050201892853,-0.04881861060857773
48.jpg,4,0.6835196614265442,0.4766070544719696,-0.06124179810285568
48.jpg,5,0.7142787575721741,0.4159679412841797,-0.031226688995957375
48.jpg,6,0.7192427515983582,0.4137791097164154,-0.0546891950070858
48.jpg,7,0.6934420466423035,0.40937668085098267,-0.06796329468488693
48.jpg,8,0.6732209920883179,0.4084629416465759,-0.07399217039346695
48.jpg,9,0.7159936428070068,0.3676691949367523,-0.02980596385896206
48.jpg,10,0.7260416746139526,0.3646559715270996,-0.05409662425518036
48.jpg,11,0.6946898102760315,0.3629749119281769,-0.060016144067049026
48.jpg,12,0.6710411310195923,0.36543625593185425,-0.06016576290130615
48.jpg,13,0.7129096388816833,0.3265646696090698,-0.030834689736366272
48.jpg,14,0.7216077446937561,0.32045453786849976,-0.053103968501091
48.jpg,15,0.6920137405395508,0.3215295076370239,-0.050989117473363876
48.jpg,16,0.671983003616333,0.32826176285743713,-0.04481552913784981
48.jpg,17,0.7056347131729126,0.292925089597702,-0.03332557901740074
48.jpg,18,0.7106295824050903,0.28239530324935913,-0.04750809445977211
48.jpg,19,0.6900908350944519,0.2866872549057007,-0.04473336786031723
48.jpg,20,0.6757041811943054,0.29683127999305725,-0.03989898040890694
49.jpg,0,0.7060771584510803,0.3624002933502197,-2.5768512657009524e-08
49.jpg,1,0.708005964756012,0.394062340259552,-0.014547224156558514
49.jpg,2,0.7106955051422119,0.4275316596031189,-0.02670583501458168
49.jpg,3,0.707163393497467,0.4405628442764282,-0.03879329189658165
49.jpg,4,0.7040440440177917,0.44255656003952026,-0.05129164457321167
49.jpg,5,0.7429448366165161,0.4234165847301483,-0.019974462687969208
49.jpg,6,0.7444385290145874,0.42661842703819275,-0.039284735918045044
49.jpg,7,0.7256890535354614,0.421708345413208,-0.051876250654459
49.jpg,8,0.7116326689720154,0.42013198137283325,-0.058897148817777634
49.jpg,9,0.7484937310218811,0.3812316656112671,-0.021508535370230675
49.jpg,10,0.7527982592582703,0.3811408281326294,-0.04174162447452545
49.jpg,11,0.7247992753982544,0.37771472334861755,-0.04795500636100769
49.jpg,12,0.7059099674224854,0.3779003918170929,-0.04914933815598488
49.jpg,13,0.7473582625389099,0.34119415283203125,-0.025102553889155388
49.jpg,14,0.7523542046546936,0.3375921845436096,-0.04632464051246643
49.jpg,15,0.7234451770782471,0.33823341131210327,-0.04477985203266144
49.jpg,16,0.7048603892326355,0.343045175075531,-0.03925548493862152
49.jpg,17,0.7405797839164734,0.30568400025367737,-0.029594261199235916
49.jpg,18,0.7394330501556396,0.2963598370552063,-0.04583977535367012
49.jpg,19,0.7194432616233826,0.30190205574035645,-0.04481031373143196
49.jpg,20,0.707520067691803,0.3117389380931854,-0.040809277445077896
54.jpg,0,0.5944004058837891,0.2999780774116516,-4.671822466661979e-07
54.jpg,1,0.6284372806549072,0.40517786145210266,-0.017676597461104393
54.jpg,2,0.6831051707267761,0.4849778413772583,-0.02432633936405182
54.jpg,3,0.7361392378807068,0.5477079749107361,-0.032860543578863144
54.jpg,4,0.7668372392654419,0.5971137285232544,-0.03731326386332512
54.jpg,5,0.7539374828338623,0.3785080909729004,-0.0019519304623827338
54.jpg,6,0.8131373524665833,0.3665830194950104,-0.028039095923304558
54.jpg,7,0.7664885520935059,0.3733861744403839,-0.04110473021864891
54.jpg,8,0.7320069670677185,0.3776785731315613,-0.04460853338241577
54.jpg,9,0.7555292248725891,0.3132569193840027,-0.0038008594419807196
54.jpg,10,0.8172461986541748,0.30146679282188416,-0.030779149383306503
54.jpg,11,0.7595580220222473,0.3164215385913849,-0.035396359860897064
54.jpg,12,0.7262052893638611,0.32304179668426514,-0.031073270365595818
54.jpg,13,0.7492968440055847,0.2511444091796875,-0.010591736994683743
54.jpg,14,0.8093169927597046,0.23550020158290863,-0.036154016852378845
54.jpg,15,0.758351743221283,0.2581893801689148,-0.027239110320806503
54.jpg,16,0.7266093492507935,0.26755475997924805,-0.01322945673018694
54.jpg,17,0.7356893420219421,0.1887059211730957,-0.019614327698946
54.jpg,18,0.7889977693557739,0.1697576940059662,-0.03544752299785614
54.jpg,19,0.7613776922225952,0.20157712697982788,-0.027749089524149895
54.jpg,20,0.7351728081703186,0.22395414113998413,-0.01667660102248192
55.jpg,0,0.5425342917442322,0.3555697202682495,-5.508653657670948e-07
55.jpg,1,0.581640362739563,0.4671763479709625,-0.0152959693223238
55.jpg,2,0.6367629170417786,0.5500732660293579,-0.023267649114131927
55.jpg,3,0.6910430788993835,0.6071510910987854,-0.03521884232759476
55.jpg,4,0.7232819199562073,0.6596153974533081,-0.0434759296476841
55.jpg,5,0.7073802947998047,0.43997013568878174,0.0035210985224694014
55.jpg,6,0.7706246972084045,0.4374009370803833,-0.024591131135821342
55.jpg,7,0.7248024940490723,0.44408437609672546,-0.03947286680340767
55.jpg,8,0.6892061829566956,0.440666139125824,-0.044064875692129135
55.jpg,9,0.7094563245773315,0.37371012568473816,-0.001356221386231482
55.jpg,10,0.7730358242988586,0.3710322380065918,-0.031060796231031418
55.jpg,11,0.7141423225402832,0.38604068756103516,-0.03876953572034836
55.jpg,12,0.6813351511955261,0.3846317231655121,-0.03607892617583275
55.jpg,13,0.7044662237167358,0.3107977509498596,-0.011211604811251163
55.jpg,14,0.7700511813163757,0.29872462153434753,-0.03773803263902664
55.jpg,15,0.7175886034965515,0.32385775446891785,-0.028103433549404144
55.jpg,16,0.684137225151062,0.3262760639190674,-0.013453545048832893
55.jpg,17,0.6925798058509827,0.24545785784721375,-0.02326899580657482
55.jpg,18,0.7495816946029663,0.22947365045547485,-0.03783204033970833
55.jpg,19,0.7201362252235413,0.2652459740638733,-0.02668572962284088
55.jpg,20,0.6914979219436646,0.28381267189979553,-0.013144023716449738
56.jpg,0,0.5067808628082275,0.4347659945487976,-4.6156591793078405e-07
56.jpg,1,0.5425623059272766,0.5338947772979736,-0.01653212681412697
56.jpg,2,0.6010386943817139,0.6140953302383423,-0.024016978219151497
56.jpg,3,0.6505904793739319,0.6776754856109619,-0.033684853464365005
56.jpg,4,0.6788066625595093,0.7316332459449768,-0.03952369838953018
56.jpg,5,0.666049063205719,0.5191190242767334,-0.004714351147413254
56.jpg,6,0.7261644005775452,0.5224616527557373,-0.026281099766492844
56.jpg,7,0.683941662311554,0.5320934057235718,-0.03593357279896736
56.jpg,8,0.6538562774658203,0.5257208347320557,-0.038645949214696884
56.jpg,9,0.6694329380989075,0.45748692750930786,-0.008068326860666275
56.jpg,10,0.7311211228370667,0.45841264724731445,-0.031361840665340424
56.jpg,11,0.674897313117981,0.4740733206272125,-0.03618394583463669
56.jpg,12,0.6452892422676086,0.4668342173099518,-0.0336119569838047
56.jpg,13,0.665252685546875,0.3960781395435333,-0.015267454087734222
56.jpg,14,0.7279546856880188,0.3936806917190552,-0.0379180945456028
56.jpg,15,0.6774943470954895,0.4181641638278961,-0.028834857046604156
56.jpg,16,0.6467678546905518,0.41531699895858765,-0.01635677181184292
56.jpg,17,0.6548230648040771,0.3305783271789551,-0.024333158507943153
56.jpg,18,0.7104825973510742,0.3218631148338318,-0.038880109786987305
56.jpg,19,0.6808478832244873,0.358082115650177,-0.02914612740278244
56.jpg,20,0.652266263961792,0.37355703115463257,-0.017408546060323715
57.jpg,0,0.48245981335639954,0.46206438541412354,-4.271631155461364e-07
57.jpg,1,0.5137444734573364,0.5654735565185547,-0.019408905878663063
57.jpg,2,0.5684702396392822,0.6458929777145386,-0.027129368856549263
57.jpg,3,0.6211522817611694,0.7025167346000671,-0.0361175462603569
57.jpg,4,0.651870846748352,0.7488865256309509,-0.04027211293578148
57.jpg,5,0.6365184783935547,0.5566117763519287,-0.006796956993639469
57.jpg,6,0.6982651352882385,0.561061441898346,-0.030658654868602753
57.jpg,7,0.6516600251197815,0.5634158253669739,-0.040493931621313095
57.jpg,8,0.6237688064575195,0.5561997294425964,-0.04286593198776245
57.jpg,9,0.6398233771324158,0.4926152527332306,-0.00809458177536726
57.jpg,10,0.7000635862350464,0.49569234251976013,-0.032746102660894394
57.jpg,11,0.642214834690094,0.5070507526397705,-0.03630815073847771
57.jpg,12,0.6170740723609924,0.5002059936523438,-0.03273873031139374
57.jpg,13,0.6353297233581543,0.43117833137512207,-0.01387094147503376
57.jpg,14,0.6998386979103088,0.42709606885910034,-0.037173617631196976
57.jpg,15,0.6482566595077515,0.44959574937820435,-0.026682119816541672
57.jpg,16,0.6195286512374878,0.4479296803474426,-0.01302117109298706
57.jpg,17,0.6242210268974304,0.36740294098854065,-0.021798133850097656
57.jpg,18,0.6785215139389038,0.36206239461898804,-0.03686925396323204
57.jpg,19,0.6502459049224854,0.3974084258079529,-0.028259720653295517
57.jpg,20,0.6246146559715271,0.41190215945243835,-0.01708470657467842
58.jpg,0,0.4491642713546753,0.4672180414199829,-4.2908902742055943e-07
58.jpg,1,0.48158061504364014,0.5716391205787659,-0.017370903864502907
58.jpg,2,0.539776623249054,0.6490997076034546,-0.023956041783094406
58.jpg,3,0.5912947058677673,0.7067867517471313,-0.032791703939437866
58.jpg,4,0.6186545491218567,0.7556350231170654,-0.03752030059695244
58.jpg,5,0.6019982099533081,0.5632447600364685,-0.0006265754345804453
58.jpg,6,0.657006561756134,0.55826735496521,-0.024537280201911926
58.jpg,7,0.6162086129188538,0.564238965511322,-0.0353713259100914
58.jpg,8,0.5919762253761292,0.5674855709075928,-0.03879769891500473
58.jpg,9,0.6054478883743286,0.49887076020240784,-0.0033224981743842363
58.jpg,10,0.6621488928794861,0.4984663426876068,-0.029515374451875687
58.jpg,11,0.6070264577865601,0.5095027685165405,-0.03312093764543533
58.jpg,12,0.5845309495925903,0.507341206073761,-0.028711993247270584
58.jpg,13,0.60196453332901,0.4374869167804718,-0.010845678858458996
58.jpg,14,0.6646896600723267,0.4302487075328827,-0.03702268749475479
58.jpg,15,0.6136494874954224,0.4514940083026886,-0.026342982426285744
58.jpg,16,0.5864123106002808,0.45383745431900024,-0.011529352515935898
58.jpg,17,0.5921159386634827,0.37333565950393677,-0.020388195291161537
58.jpg,18,0.6432346701622009,0.36675238609313965,-0.03704497590661049
58.jpg,19,0.6135042309761047,0.39801204204559326,-0.028007013723254204
58.jpg,20,0.588475227355957,0.4124360680580139,-0.01606220193207264
59.jpg,0,0.3892116844654083,0.44607874751091003,-3.761707318972185e-07
59.jpg,1,0.4223213195800781,0.5457754731178284,-0.021327905356884003
59.jpg,2,0.4781439006328583,0.6191127300262451,-0.03201146423816681
59.jpg,3,0.5333190560340881,0.6778819561004639,-0.044655025005340576
59.jpg,4,0.5671802759170532,0.7274956703186035,-0.05322982743382454
59.jpg,5,0.5509986281394958,0.5450639724731445,3.897374335792847e-05
59.jpg,6,0.59647536277771,0.5417570471763611,-0.02745252475142479
59.jpg,7,0.5624083876609802,0.5454097986221313,-0.03914645314216614
59.jpg,8,0.5366743206977844,0.5384799838066101,-0.04197210073471069
59.jpg,9,0.5538784265518188,0.47732430696487427,-0.0023028363939374685
59.jpg,10,0.6047917008399963,0.47751784324645996,-0.03187623247504234
59.jpg,11,0.5461300015449524,0.49233919382095337,-0.03447305038571358
59.jpg,12,0.5233778953552246,0.49079281091690063,-0.027425318956375122
59.jpg,13,0.5469401478767395,0.41422373056411743,-0.010453751310706139
59.jpg,14,0.598335325717926,0.40264204144477844,-0.04218317195773125
59.jpg,15,0.5450872778892517,0.4284026622772217,-0.02891101874411106
59.jpg,16,0.5219884514808655,0.42951565980911255,-0.010556026361882687
59.jpg,17,0.5320794582366943,0.34678077697753906,-0.020750299096107483
59.jpg,18,0.575473964214325,0.34088456630706787,-0.04020810127258301
59.jpg,19,0.5409592986106873,0.37193167209625244,-0.027484655380249023
59.jpg,20,0.5195646286010742,0.38111525774002075,-0.011836092919111252
60.jpg,0,0.2810062766075134,0.48341038823127747,-5.129392093294882e-07
60.jpg,1,0.31901663541793823,0.5782358646392822,-0.021511582657694817
60.jpg,2,0.38398852944374084,0.6426880955696106,-0.0316186361014843
60.jpg,3,0.44085657596588135,0.6921694278717041,-0.043231185525655746
60.jpg,4,0.4739852547645569,0.7444904446601868,-0.049746230244636536
60.jpg,5,0.44073227047920227,0.5485796928405762,-0.004097749013453722
60.jpg,6,0.4866942763328552,0.5388439893722534,-0.03229955583810806
60.jpg,7,0.4401686191558838,0.5471264123916626,-0.04531659185886383
60.jpg,8,0.4220658838748932,0.5469033122062683,-0.05050954595208168
60.jpg,9,0.43907079100608826,0.4839376211166382,-0.006059878505766392
60.jpg,10,0.4844617247581482,0.4752706289291382,-0.034701742231845856
60.jpg,11,0.42845964431762695,0.49587398767471313,-0.037632305175065994
60.jpg,12,0.4169238805770874,0.4907476305961609,-0.033327240496873856
60.jpg,13,0.42953139543533325,0.42227792739868164,-0.01347524393349886
60.jpg,14,0.48051661252975464,0.40586501359939575,-0.042858611792325974
60.jpg,15,0.4281867742538452,0.4368608891963959,-0.027886461466550827
60.jpg,16,0.41277235746383667,0.43740731477737427,-0.010462426580488682
60.jpg,17,0.4149070382118225,0.3589738607406616,-0.023260928690433502
60.jpg,18,0.4573400318622589,0.3485546112060547,-0.03800294175744057
60.jpg,19,0.4244895875453949,0.382630854845047,-0.02271019108593464
60.jpg,20,0.40592214465141296,0.3917422294616699,-0.00697782589122653
61.jpg,0,0.19753992557525635,0.5270697474479675,-3.315734318221075e-07
61.jpg,1,0.2300761342048645,0.618232786655426,-0.027468346059322357
61.jpg,2,0.29867908358573914,0.685046911239624,-0.0390649251639843
61.jpg,3,0.35442814230918884,0.7240293025970459,-0.04939147084951401
61.jpg,4,0.38505789637565613,0.7771874666213989,-0.053880833089351654
61.jpg,5,0.36115387082099915,0.5902752876281738,-0.003714954247698188
61.jpg,6,0.39300525188446045,0.5773889422416687,-0.028903771191835403
61.jpg,7,0.34884771704673767,0.586460292339325,-0.03942159190773964
61.jpg,8,0.3335232138633728,0.5921367406845093,-0.04297008737921715
61.jpg,9,0.3557741940021515,0.519930899143219,-0.00098521972540766
61.jpg,10,0.3857177495956421,0.5092524290084839,-0.026355497539043427
61.jpg,11,0.32940229773521423,0.5344811677932739,-0.025591794401407242
61.jpg,12,0.3202601671218872,0.5385297536849976,-0.017679451033473015
61.jpg,13,0.34215760231018066,0.4560093581676483,-0.004831461701542139
61.jpg,14,0.3761831521987915,0.43990859389305115,-0.03177662566304207
61.jpg,15,0.32527610659599304,0.47394150495529175,-0.01746172085404396
61.jpg,16,0.31268131732940674,0.48126131296157837,-0.0001575776404934004
61.jpg,17,0.3226141631603241,0.39719632267951965,-0.011491292156279087
61.jpg,18,0.3496841788291931,0.38663387298583984,-0.02574627660214901
61.jpg,19,0.31598976254463196,0.4208184778690338,-0.013010576367378235
61.jpg,20,0.3033334016799927,0.43362265825271606,0.0015421482967212796
62.jpg,0,0.2762221097946167,0.46775802969932556,-5.07209279021481e-07
62.jpg,1,0.3081904351711273,0.5640650987625122,-0.02276241034269333
62.jpg,2,0.35936349630355835,0.6432493329048157,-0.03655380755662918
62.jpg,3,0.4027501046657562,0.7171578407287598,-0.05193372815847397
62.jpg,4,0.4230518043041229,0.7865828275680542,-0.06255309283733368
62.jpg,5,0.4298281669616699,0.5494207739830017,-0.008808108977973461
62.jpg,6,0.4779721796512604,0.5297142267227173,-0.039196234196424484
62.jpg,7,0.43250223994255066,0.5339465141296387,-0.054515983909368515
62.jpg,8,0.41474834084510803,0.5424277186393738,-0.06128038838505745
62.jpg,9,0.4271131455898285,0.4837758243083954,-0.011051882058382034
62.jpg,10,0.4721526801586151,0.4668666422367096,-0.0407366007566452
62.jpg,11,0.41694989800453186,0.4809088706970215,-0.04420243948698044
62.jpg,12,0.4065861403942108,0.4842739403247833,-0.04063788056373596
62.jpg,13,0.41867175698280334,0.42348742485046387,-0.018630746752023697
62.jpg,14,0.46958598494529724,0.4018809199333191,-0.047374043613672256
62.jpg,15,0.4173370897769928,0.42490917444229126,-0.03212078660726547
62.jpg,16,0.4029847979545593,0.43144798278808594,-0.015095817856490612
62.jpg,17,0.40640732645988464,0.363555371761322,-0.028946662321686745
62.jpg,18,0.4472905397415161,0.34795475006103516,-0.04253923147916794
62.jpg,19,0.41205090284347534,0.37114524841308594,-0.026438990607857704
62.jpg,20,0.39393869042396545,0.3814786672592163,-0.010381526313722134
63.jpg,0,0.23316873610019684,0.4617334008216858,-2.5924200031113287e-07
63.jpg,1,0.25756943225860596,0.5553418397903442,-0.026766007766127586
63.jpg,2,0.31029534339904785,0.623416543006897,-0.0399230420589447
63.jpg,3,0.36360955238342285,0.6733837127685547,-0.052660949528217316
63.jpg,4,0.39341431856155396,0.7267429828643799,-0.059864114969968796
63.jpg,5,0.3794468641281128,0.5368374586105347,-0.002747238613665104
63.jpg,6,0.41602420806884766,0.5163770914077759,-0.027141645550727844
63.jpg,7,0.3782476484775543,0.5191325545310974,-0.03670981526374817
63.jpg,8,0.358679860830307,0.5273045301437378,-0.038246165961027145
63.jpg,9,0.3764597773551941,0.4696396589279175,0.0013659987598657608
63.jpg,10,0.4137588441371918,0.45080119371414185,-0.020617026835680008
63.jpg,11,0.3622044324874878,0.46648886799812317,-0.01802145130932331
63.jpg,12,0.3530162572860718,0.47602763772010803,-0.008636710233986378
63.jpg,13,0.3685007095336914,0.40929311513900757,-0.0009261127561330795
63.jpg,14,0.41134506464004517,0.3886769711971283,-0.024760207161307335
63.jpg,15,0.36404141783714294,0.41076114773750305,-0.01027832180261612
63.jpg,16,0.3471216559410095,0.4217129051685333,0.007407092954963446
63.jpg,17,0.35607874393463135,0.35264402627944946,-0.006186089012771845
63.jpg,18,0.3892010748386383,0.3360915780067444,-0.01977013424038887
63.jpg,19,0.358736127614975,0.3603471517562866,-0.008597305975854397
63.jpg,20,0.34163954854011536,0.3765297830104828,0.005586832761764526
64.jpg,0,0.14796525239944458,0.5242196917533875,-1.6275468794901826e-07
64.jpg,1,0.15801483392715454,0.5936315655708313,-0.03639492020010948
64.jpg,2,0.19545990228652954,0.6406423449516296,-0.054334189742803574
64.jpg,3,0.23132969439029694,0.6608633995056152,-0.06862958520650864
64.jpg,4,0.25993648171424866,0.6710039377212524,-0.07810722291469574
64.jpg,5,0.2643035352230072,0.5776092410087585,-0.025742629542946815
64.jpg,6,0.2916643023490906,0.5658749938011169,-0.05656341090798378
64.jpg,7,0.26329147815704346,0.5708414912223816,-0.07075144350528717
64.jpg,8,0.24216562509536743,0.5741703510284424,-0.0748022273182869
64.jpg,9,0.2607235610485077,0.5157727599143982,-0.01783709041774273
64.jpg,10,0.2864774763584137,0.504607081413269,-0.04726659134030342
64.jpg,11,0.24418003857135773,0.5227137804031372,-0.050574272871017456
64.jpg,12,0.2276770919561386,0.5328101515769958,-0.0454094260931015
64.jpg,13,0.24928559362888336,0.4596169590950012,-0.016195334494113922
64.jpg,14,0.2797813415527344,0.44335728883743286,-0.04486743360757828
64.jpg,15,0.24284537136554718,0.46442392468452454,-0.037770066410303116
64.jpg,16,0.2237606793642044,0.47945135831832886,-0.024997852742671967
64.jpg,17,0.2317967265844345,0.40957993268966675,-0.01778321899473667
64.jpg,18,0.25838032364845276,0.3955250382423401,-0.036813341081142426
64.jpg,19,0.23801538348197937,0.4150075316429138,-0.0322028212249279
64.jpg,20,0.22194577753543854,0.43230605125427246,-0.02268795296549797
